id;postId;name;email;body
1;1;id labore ex et quam laborum;Eliseo@gardner.biz;laudantium enim quasi est quidem magnam voluptate ipsam eos|tempora quo necessitatibus|dolor quam autem quasi|reiciendis et nam sapiente accusantium
2;1;quo vero reiciendis velit similique earum;Jayne_Kuhic@sydney.com;est natus enim nihil est dolore omnis voluptatem numquam|et omnis occaecati quod ullam at|voluptatem error expedita pariatur|nihil sint nostrum voluptatem reiciendis et
3;1;odio adipisci rerum aut animi;Nikita@garfield.biz;quia molestiae reprehenderit quasi aspernatur|aut expedita occaecati aliquam eveniet laudantium|omnis quibusdam delectus saepe quia accusamus maiores nam est|cum et ducimus et vero voluptates excepturi deleniti ratione
4;1;alias odio sit;Lew@alysha.tv;non et atque|occaecati deserunt quas accusantium unde odit nobis qui voluptatem|quia voluptas consequuntur itaque dolor|et qui rerum deleniti ut occaecati
5;1;vero eaque aliquid doloribus et culpa;Hayden@althea.biz;harum non quasi et ratione|tempore iure ex voluptates in ratione|harum architecto fugit inventore cupiditate|voluptates magni quo et
6;2;et fugit eligendi deleniti quidem qui sint nihil autem;Presley.Mueller@myrl.com;doloribus at sed quis culpa deserunt consectetur qui praesentium|accusamus fugiat dicta|voluptatem rerum ut voluptate autem|voluptatem repellendus aspernatur dolorem in
7;2;repellat consequatur praesentium vel minus molestias voluptatum;Dallas@ole.me;maiores sed dolores similique labore et inventore et|quasi temporibus esse sunt id et|eos voluptatem aliquam|aliquid ratione corporis molestiae mollitia quia et magnam dolor
8;2;et omnis dolorem;Mallory_Kunze@marie.org;ut voluptatem corrupti velit|ad voluptatem maiores|et nisi velit vero accusamus maiores|voluptates quia aliquid ullam eaque
9;2;provident id voluptas;Meghan_Littel@rene.us;sapiente assumenda molestiae atque|adipisci laborum distinctio aperiam et ab ut omnis|et occaecati aspernatur odit sit rem expedita|quas enim ipsam minus
10;2;eaque et deleniti atque tenetur ut quo ut;Carmen_Keeling@caroline.name;voluptate iusto quis nobis reprehenderit ipsum amet nulla|quia quas dolores velit et non|aut quia necessitatibus|nostrum quaerat nulla et accusamus nisi facilis
